episode,Reward,step_count,goal_log,goal_percentage_log
0,9.205942281077986,11,0,0.0
1,-46.05636711522169,17,0,0.0
2,35.80610666195622,19,0,0.0
3,-36.66618271708235,8,0,0.0
4,-50.14362049162314,33,0,0.0
5,52.61489916928353,57,0,0.0
6,5.929554526539221,13,0,0.0
7,1.2532418870160953,21,0,0.0
8,-22.776031515640447,3,0,0.0
9,-8.177078581810708,10,0,0.0
10,-49.84553903686505,18,0,0.0
11,-17.711410263795667,1,0,0.0
12,-29.82752064686122,12,0,0.0
13,-39.51957902052111,9,0,0.0
14,-35.25047358235143,8,0,0.0
15,-17.646366012943165,1,0,0.0
16,-21.124600241055987,17,0,0.0
17,-31.849674537891275,6,0,0.0
18,-33.99843901086633,14,0,0.0
19,-91.95951614319955,22,0,0.0
20,-29.94661118757157,25,0,0.0
21,6.921837408283835,11,0,0.0
22,3.7654292922984816,17,0,0.0
23,-16.799043594497366,16,0,0.0
24,-10.68584093961789,9,0,0.0
25,-7.848905646103342,13,0,0.0
26,-50.708714900362466,13,0,0.0
27,-17.612803048500545,1,0,0.0
28,-49.28779943029917,12,0,0.0
29,-103.19090755580747,31,0,0.0
30,14.48378132945185,22,0,0.0
31,44.88407475095304,23,0,0.0
32,-23.23119062014173,3,0,0.0
33,-34.05314256806974,8,0,0.0
34,-23.22187722538099,3,0,0.0
35,-8.828206212996694,13,0,0.0
36,-13.924371407495276,21,0,0.0
37,-29.22882769799184,5,0,0.0
38,5.571260101700744,19,0,0.0
39,-29.957591048850738,7,0,0.0
40,18.220658514468006,13,0,0.0
41,-34.84369598288751,11,0,0.0
42,30.355621095419803,59,0,0.0
43,-61.48504677450028,15,0,0.0
44,19.200600957162564,19,0,0.0
45,68.6554520693848,43,0,0.0
46,-59.547541511045466,27,0,0.0
47,-64.15207743437934,40,0,0.0
48,14.564466306384595,14,0,0.0
49,25.345361368935315,17,0,0.0
50,-1.2589288792390434,11,0,0.0
51,-44.71255453758569,14,0,0.0
52,-50.07632320880616,46,0,0.0
53,3.6761050659868424,37,0,0.0
54,8.216040557718594,9,0,0.0
55,-7.193674248011751,29,0,0.0
56,-17.768219451526118,1,0,0.0
57,-0.5510316331737961,22,0,0.0
58,-23.518988811285737,13,0,0.0
59,7.270684398787086,17,0,0.0
60,-11.177068211093818,26,0,0.0
61,-57.904315580837256,26,0,0.0
62,-33.59380273267083,7,0,0.0
63,95.00017826889419,28,0,0.0
64,23.262597213631434,19,0,0.0
65,-33.89876705551491,14,0,0.0
66,20.55292859834295,39,0,0.0
67,-46.00586279928062,20,0,0.0
68,-32.06470107999516,10,0,0.0
69,18.156836641914552,28,0,0.0
70,4.697534390835969,21,0,0.0
71,-21.066930065483305,12,0,0.0
72,-26.41763959440214,16,0,0.0
73,-26.079704516626613,9,0,0.0
74,-17.802133085444197,1,0,0.0
75,-28.904720520764393,17,0,0.0
76,23.84286349044377,18,0,0.0
77,-17.77924512735964,1,0,0.0
78,16.917193562131082,17,0,0.0
79,-1.096071789784835,15,0,0.0
80,-12.920061064439674,12,0,0.0
81,-32.342533876951926,10,0,0.0
82,-32.772410687466376,14,0,0.0
83,-36.10186656430194,14,0,0.0
84,11.797417095571719,19,0,0.0
85,-27.601808156031893,44,0,0.0
86,-39.396131026482095,9,0,0.0
87,-35.28582573896632,24,0,0.0
88,-17.738152175191217,1,0,0.0
89,-56.60380322987913,22,0,0.0
90,-21.105187881989288,19,0,0.0
91,-1.3667925310256077,8,0,0.0
92,-28.793202671422286,6,0,0.0
93,-80.39692092162754,22,0,0.0
94,-27.607454972683193,30,0,0.0
95,-43.54881722169408,10,0,0.0
96,7.391536920105821,28,0,0.0
97,-33.01985879728927,12,0,0.0
98,-32.297872355480436,23,0,0.0
99,-18.827095039300616,17,0,0.0
100,-30.910931665386677,12,0,0.0
101,39.03583130018001,47,0,0.0
102,-17.80900483156451,1,0,0.0
103,134.22217692363313,59,0,0.0
104,-45.96266045640937,18,0,0.0
105,-48.250556436037584,26,0,0.0
106,-50.89973047209937,11,0,0.0
107,-8.144354342433626,99,0,0.0
108,-18.697101930119082,13,0,0.0
109,-21.66282788936086,27,0,0.0
110,-17.840085905782438,1,0,0.0
111,-1.4913710136222154,9,0,0.0
112,-38.12329084139562,13,0,0.0
113,-47.76989539335794,15,0,0.0
114,22.31772811889153,36,0,0.0
115,-26.018045282918152,18,0,0.0
116,-51.47993837329682,16,0,0.0
117,-73.99716581383706,23,0,0.0
118,-32.93674032797557,16,0,0.0
119,-17.740067405991418,1,0,0.0
120,25.022755319733935,21,0,0.0
121,-32.59252911968753,21,0,0.0
122,-54.23662824458354,12,0,0.0
123,-43.572689714518106,24,0,0.0
124,-17.832131739905325,1,0,0.0
125,-46.54629079414946,17,0,0.0
126,-40.4516252627249,10,0,0.0
127,56.352455921846015,22,0,0.0
128,-49.54910096789422,14,0,0.0
129,-42.44729743972938,12,0,0.0
130,-32.03091677098354,15,0,0.0
131,26.93205700802862,21,0,0.0
132,-45.98281569329087,10,0,0.0
133,79.49564519501826,32,0,0.0
134,-9.867885060372224,40,0,0.0
135,-66.99164892836356,18,0,0.0
136,-20.49378915639857,24,0,0.0
137,-60.049229554551516,22,0,0.0
138,18.103814700330247,23,0,0.0
139,-23.129868038289004,19,0,0.0
140,-77.5509376493946,28,0,0.0
141,26.842538279593832,21,0,0.0
142,-12.18648403856781,26,0,0.0
143,-49.13065493215166,17,0,0.0
144,-85.63839822207275,52,0,0.0
145,-18.126074951956745,16,0,0.0
146,12.342258721369578,23,0,0.0
147,35.96259739966427,19,0,0.0
148,-22.833000053060584,3,0,0.0
149,-24.864044109410642,16,0,0.0
150,-17.668883386601472,1,0,0.0
151,-14.03180605175035,17,0,0.0
152,37.35657759366737,41,0,0.0
153,-71.48876343928653,19,0,0.0
154,-32.44493046859458,14,0,0.0
155,-17.833843326583782,1,0,0.0
156,-13.675635087208912,29,0,0.0
157,22.82630357697636,33,0,0.0
158,-17.646003923761224,1,0,0.0
159,12.870463935783913,16,0,0.0
160,-10.866184668927767,20,0,0.0
161,-36.83176906301766,9,0,0.0
162,-24.47434775029142,15,0,0.0
163,-5.319223258375919,27,0,0.0
164,-44.05778037463617,25,0,0.0
165,54.354863809284005,41,0,0.0
166,-15.990338562622554,13,0,0.0
167,-32.09800202184691,29,0,0.0
168,-15.340977134694656,17,0,0.0
169,-35.32843513026587,17,0,0.0
170,-42.87835076844125,9,0,0.0
171,-26.540167634565776,14,0,0.0
172,-54.60882383289776,19,0,0.0
173,-32.70075759375085,10,0,0.0
174,-45.805207557421426,12,0,0.0
175,-38.78014805843739,8,0,0.0
176,43.691729478365815,32,0,0.0
177,-6.698601846321172,12,0,0.0
178,-23.915340181397376,17,0,0.0
179,48.05301012770018,43,0,0.0
180,-2.526130407476188,12,0,0.0
181,7.369457760337699,8,0,0.0
182,4.8847832831178,15,0,0.0
183,14.056225864728923,16,0,0.0
184,-36.347668579315034,13,0,0.0
185,-51.59414954742855,12,0,0.0
186,5.982527697804063,16,0,0.0
187,2.0539930372204473,45,0,0.0
188,-17.706793642144127,25,0,0.0
189,-41.12740322925656,11,0,0.0
190,-54.76650148967708,15,0,0.0
191,1.032943919802717,15,0,0.0
192,63.131724309193466,52,0,0.0
193,49.70889295381595,29,0,0.0
194,0.7093524731022463,15,0,0.0
195,-44.39797042306413,39,0,0.0
196,-73.5214038268337,20,0,0.0
197,2.6594020154538534,21,0,0.0
198,59.474363338718504,57,0,0.0
199,-0.6712624339424238,11,0,0.0
200,-79.90936394504827,78,0,0.0
201,-68.35131946926973,18,0,0.0
202,-43.88649159230758,10,0,0.0
203,-79.51185119293172,31,0,0.0
204,-51.313640720072144,32,0,0.0
205,-17.63185971078118,1,0,0.0
206,-1.688155233448569,9,0,0.0
207,-41.59073027710487,12,0,0.0
208,-85.17412299038456,27,0,0.0
209,55.465232185417754,22,0,0.0
210,-17.618013865963814,1,0,0.0
211,257.8089961838402,71,0,0.0
212,-37.86866935076125,31,0,0.0
213,-33.9439471593126,17,0,0.0
214,29.831346549422527,17,0,0.0
215,-44.20594495027109,12,0,0.0
216,52.87060046932922,37,0,0.0
217,-77.91692107473965,19,0,0.0
218,-35.94891555268883,17,0,0.0
219,-68.78279713344855,17,0,0.0
220,4.997365408085988,10,0,0.0
221,-58.606177175293794,58,0,0.0
222,-36.20547321013002,8,0,0.0
223,-24.533659322342576,16,0,0.0
224,-17.652732841749028,1,0,0.0
225,-68.54156483280926,19,0,0.0
226,20.372703822791063,20,0,0.0
227,-79.39030138639743,25,0,0.0
228,50.412706990404864,30,0,0.0
229,163.39911272049937,35,0,0.0
230,1.757159395808939,31,0,0.0
231,-67.90690908809027,17,0,0.0
232,4.516733760961875,28,0,0.0
233,-19.083830196459786,26,0,0.0
234,1.3163391419883315,10,0,0.0
235,9.238843097421928,29,0,0.0
236,2.926191028573937,16,0,0.0
237,-41.941634497012416,10,0,0.0
238,-3.5682616264353477,20,0,0.0
239,-27.724146067534953,11,0,0.0
240,-42.3725710194606,10,0,0.0
241,-2.82098268671224,24,0,0.0
242,47.209366642374206,42,0,0.0
243,8.030048393493185,20,0,0.0
244,-17.809153489966853,1,0,0.0
245,20.48613026159486,15,0,0.0
246,-28.257915415811382,6,0,0.0
247,-40.53663390768625,10,0,0.0
248,-17.81508609601403,1,0,0.0
249,112.91342166912258,71,0,0.0
250,-40.91714809954221,13,0,0.0
251,-17.82188348189479,1,0,0.0
252,-7.046585677972102,26,0,0.0
253,-17.72346764419406,1,0,0.0
254,7.29927177771023,20,0,0.0
255,-35.135635528209534,17,0,0.0
256,-33.18710692175628,11,0,0.0
257,42.48458031384341,39,0,0.0
258,-11.275123259566838,15,0,0.0
259,83.6484501808422,51,0,0.0
260,90.16706799025562,45,0,0.0
261,26.078608264569787,36,0,0.0
262,22.34097395611738,28,0,0.0
263,54.79195637188877,34,0,0.0
264,-33.800121239620324,15,0,0.0
265,-1.4220820278347563,33,0,0.0
266,54.83183667889435,45,0,0.0
267,26.261228030978053,31,0,0.0
268,-24.539055559187208,45,0,0.0
269,-38.67503164557533,16,0,0.0
270,-24.791478524448685,21,0,0.0
271,117.36209260031296,74,0,0.0
272,-30.725933621492103,14,0,0.0
273,-25.360895100629165,19,0,0.0
274,-36.19116137259642,12,0,0.0
275,-53.25847362093445,52,0,0.0
276,-35.07793123300432,12,0,0.0
277,-26.82843075893231,20,0,0.0
278,-25.28600148970807,34,0,0.0
279,-39.829954219786615,9,0,0.0
280,-55.4583119968988,16,0,0.0
281,33.087422765408476,74,0,0.0
282,-5.807099193331101,19,0,0.0
283,47.37370019541574,46,0,0.0
284,-44.436025505499856,14,0,0.0
285,28.263317504573447,46,0,0.0
286,-36.13847938763527,7,0,0.0
287,-25.673528283316248,8,0,0.0
288,28.791167431874445,20,0,0.0
289,-30.664546700153466,6,0,0.0
290,-10.722805124462614,21,0,0.0
291,32.81042861483627,19,0,0.0
292,-32.68487898572104,7,0,0.0
293,-14.186428425616874,8,0,0.0
294,-36.701988463995555,8,0,0.0
295,-31.66500964040533,16,0,0.0
296,94.86393097214818,24,0,0.0
297,-38.541169374758944,10,0,0.0
298,-17.713551462900718,37,0,0.0
299,-17.444933374239042,50,0,0.0
300,-42.27458585014634,34,0,0.0
301,-54.47950685455034,17,0,0.0
302,-42.91573257027812,10,0,0.0
303,-3.585386964476985,20,0,0.0
304,18.367403126339173,47,0,0.0
305,-17.565453088420586,1,0,0.0
306,0.8725809824073174,14,0,0.0
307,-2.4601544850955186,35,0,0.0
308,69.37952149857271,36,0,0.0
309,4.22225031740283,28,0,0.0
310,-8.050923378287289,41,0,0.0
311,-43.141481956254054,15,0,0.0
312,-17.604993539295382,1,0,0.0
313,-4.03129277991205,33,0,0.0
314,-17.73185145386211,1,0,0.0
315,54.623091570946826,65,0,0.0
316,14.197676578370405,9,0,0.0
317,-45.57407736951727,19,0,0.0
318,-43.22725367203458,26,0,0.0
319,52.65207633190761,23,0,0.0
320,-1.4411232523501498,22,0,0.0
321,-10.399609202822338,68,0,0.0
322,3.0736462121543795,29,0,0.0
323,-33.611469466056604,27,0,0.0
324,50.00679620069841,47,0,0.0
325,51.89522768469254,67,0,0.0
326,-39.45399944217082,10,0,0.0
327,-7.04232421259734,20,0,0.0
328,2.210636284690903,17,0,0.0
329,18.21189832326178,28,0,0.0
330,-17.82851821785484,1,0,0.0
331,-28.96533268270229,6,0,0.0
332,42.73919436560534,24,0,0.0
333,-17.7905430384859,1,0,0.0
334,5.321706224670043,16,0,0.0
335,19.74153529867092,22,0,0.0
336,-5.897576085896331,22,0,0.0
337,31.74802384074833,44,0,0.0
338,31.651852810743403,42,0,0.0
339,-17.7917554741184,1,0,0.0
340,121.15669690327911,54,0,0.0
341,-19.51992017361547,26,0,0.0
342,19.361727658733027,30,0,0.0
343,43.62588624776509,21,0,0.0
344,-18.920046250081743,27,0,0.0
345,7.205574890170707,20,0,0.0
346,87.98617991126957,39,0,0.0
347,-42.145077355436584,10,0,0.0
348,24.21236290829436,18,0,0.0
349,-41.24587173131191,11,0,0.0
350,35.122711293044425,38,0,0.0
351,-46.373509942077526,17,0,0.0
352,-53.092729277982244,18,0,0.0
353,38.20259788777374,15,0,0.0
354,-33.2045679113811,12,0,0.0
355,17.734165753197217,35,0,0.0
356,-49.15335409636256,15,0,0.0
357,8.438371146475603,45,0,0.0
358,-32.37417356790131,7,0,0.0
359,-40.27771387885774,10,0,0.0
360,-38.184349827966486,12,0,0.0
361,12.424958660897788,34,0,0.0
362,-35.67883666981701,8,0,0.0
363,-40.37241004998582,9,0,0.0
364,-35.63818086656275,9,0,0.0
365,-33.44515568815072,10,0,0.0
366,-37.0022527422005,10,0,0.0
367,-32.52580459807854,11,0,0.0
368,-9.583309360315821,26,0,0.0
369,-41.4095103695908,11,0,0.0
370,-26.239481573795302,33,0,0.0
371,32.817252126340975,28,0,0.0
372,-69.4581694366961,18,0,0.0
373,-60.089380875755054,23,0,0.0
374,-49.59813795581947,21,0,0.0
375,0.9771651192968527,24,0,0.0
376,-46.172500954573415,10,0,0.0
377,-51.61897153942861,13,0,0.0
378,-52.81883701958412,15,0,0.0
379,-41.09605898238441,10,0,0.0
380,138.5867932607223,76,0,0.0
381,47.42528752681771,25,0,0.0
382,-56.75690967285281,14,0,0.0
383,-45.143124245748226,10,0,0.0
384,-65.1850969682572,16,0,0.0
385,-20.21576212048642,2,0,0.0
386,-29.266227482915944,6,0,0.0
387,-17.697151523511018,1,0,0.0
388,-55.17579528797083,16,0,0.0
389,-42.04996289477733,9,0,0.0
390,-33.11595769229759,35,0,0.0
391,74.50315744684303,25,0,0.0
392,-33.41799710936808,8,0,0.0
393,30.994876552649,22,0,0.0
394,-36.7876156756209,17,0,0.0
395,-77.08251922578404,17,0,0.0
396,-44.64652304399593,11,0,0.0
397,-64.7867072728211,18,0,0.0
398,-53.72381592202859,15,0,0.0
399,-49.8788220158973,12,0,0.0
400,1.635206768782627,11,0,0.0
401,-5.619087946991623,18,0,0.0
402,1.7302465507285856,13,0,0.0
403,-52.69336763906563,15,0,0.0
404,19.98161567068449,21,0,0.0
405,-66.83289787595362,31,0,0.0
406,-17.797474394333197,1,0,0.0
407,-80.39649431667053,22,0,0.0
408,-29.01363831022654,21,0,0.0
409,-57.68041714768242,20,0,0.0
410,-17.876469537396428,1,0,0.0
411,23.089909290233262,13,0,0.0
412,-76.58926117724951,20,0,0.0
413,-17.629437409522453,1,0,0.0
414,-62.77083096545204,18,0,0.0
415,-56.87512296036266,17,0,0.0
416,-17.618302660466448,1,0,0.0
417,73.11113436020662,24,0,0.0
418,-38.18383557005709,10,0,0.0
419,-55.48515000056629,80,0,0.0
420,57.91375353141268,29,0,0.0
421,43.04719700211167,29,0,0.0
422,-40.719333584453665,34,0,0.0
423,-43.70200832699324,12,0,0.0
424,-109.35064713424904,39,0,0.0
425,-49.44818226209528,15,0,0.0
426,-73.05049899045025,18,0,0.0
427,-16.53651384749449,23,0,0.0
428,-20.504446903297612,23,0,0.0
429,52.463114340212975,27,0,0.0
430,48.421969332529684,41,0,0.0
431,-26.80147243958981,14,0,0.0
432,-93.71016059137325,26,0,0.0
433,-59.84460927589383,18,0,0.0
434,-27.59104649934639,7,0,0.0
435,31.29683216200526,35,0,0.0
436,-1.792910080998734,15,0,0.0
437,23.765459855401012,35,0,0.0
438,-42.409291375000954,9,0,0.0
439,-17.824727664360516,1,0,0.0
440,3.593242051549341,27,0,0.0
441,13.943613055239963,29,0,0.0
442,-50.01371746843583,13,0,0.0
443,-11.916833968565825,46,0,0.0
444,-21.798772092128566,13,0,0.0
445,-40.67306451705167,13,0,0.0
446,-21.300023311987196,12,0,0.0
447,-17.605348467956254,1,0,0.0
448,-39.29284942632795,13,0,0.0
449,-39.15224025757088,23,0,0.0
450,2.664064215680739,10,0,0.0
451,-1.907260483492239,30,0,0.0
452,-4.624553087869858,23,0,0.0
453,-17.723552519344057,1,0,0.0
454,-9.075098624452277,11,0,0.0
455,-34.907293737522764,14,0,0.0
456,-43.23977775279432,9,0,0.0
457,73.11218666154127,61,0,0.0
458,-45.09349499555743,10,0,0.0
459,20.765504356455473,24,0,0.0
460,-27.393127173930992,15,0,0.0
461,18.553587965287242,24,0,0.0
462,13.533350356640888,10,0,0.0
463,-25.298941591566333,9,0,0.0
464,-14.503808991203655,21,0,0.0
465,-17.81598851271903,1,0,0.0
466,-2.6482576957908464,46,0,0.0
467,12.49176011784926,21,0,0.0
468,53.98078200415397,34,0,0.0
469,-44.844964150502136,11,0,0.0
470,-30.50921331246878,10,0,0.0
471,24.51990332397063,22,0,0.0
472,-50.26514174482759,11,0,0.0
473,-46.48784116285904,16,0,0.0
474,-23.013293148188428,20,0,0.0
475,-50.46212625256409,23,0,0.0
476,-24.463740194332175,31,0,0.0
477,74.93928960272784,22,0,0.0
478,7.798925690188,28,0,0.0
479,-23.190127536188264,3,0,0.0
480,-40.02521444419659,9,0,0.0
481,-17.692054257747046,1,0,0.0
482,-35.48731768078346,9,0,0.0
483,-60.31486068054296,19,0,0.0
484,-63.883989247149486,15,0,0.0
485,-36.436029217646286,9,0,0.0
486,-2.346927236504502,15,0,0.0
487,-37.41973589126222,8,0,0.0
488,-44.740134785114165,9,0,0.0
489,-47.69471024477844,12,0,0.0
490,-17.885508020538413,1,0,0.0
491,-50.56079793003638,12,0,0.0
492,13.965839945879653,29,0,0.0
493,-59.47451701785467,13,0,0.0
494,-46.73642262934669,12,0,0.0
495,-24.553659639704232,19,0,0.0
496,-53.80685996362455,24,0,0.0
497,5.6224330919565375,19,0,0.0
498,-33.23967374943038,7,0,0.0
499,-36.93835886914818,13,0,0.0
500,-78.46302807626267,21,0,0.0
501,-14.772390960796654,15,0,0.0
502,-35.413824023069864,17,0,0.0
503,-15.48179520464917,19,0,0.0
504,-16.42711462043819,14,0,0.0
505,6.614516157726769,16,0,0.0
506,1.4855119099337752,12,0,0.0
507,7.169805157750897,12,0,0.0
508,-20.859497282860765,9,0,0.0
509,-15.427903251319616,16,0,0.0
510,-17.813671249456256,1,0,0.0
511,-11.38539889224645,10,0,0.0
512,-8.922037512441443,22,0,0.0
513,13.918862217438306,15,0,0.0
514,-40.38150660619705,10,0,0.0
515,76.18335221899156,35,0,0.0
516,19.78373017975239,22,0,0.0
517,4.816734411689669,10,0,0.0
518,62.25033736084801,33,0,0.0
519,-35.20019794782982,24,0,0.0
520,-19.631865033170413,43,0,0.0
521,-42.1259652796049,10,0,0.0
522,-39.35252291763733,25,0,0.0
523,-35.44350493533139,8,0,0.0
524,-36.56838799061362,29,0,0.0
525,-17.621360383371393,1,0,0.0
526,-52.66821796821768,14,0,0.0
527,-42.02105904243832,9,0,0.0
528,83.38869602883655,47,0,0.0
529,-37.604494680539105,9,0,0.0
530,46.22077439356441,37,0,0.0
531,-56.156295455093385,15,0,0.0
532,-7.4439183080600095,29,0,0.0
533,-3.149799432761613,37,0,0.0
534,20.72134347573864,17,0,0.0
535,-27.977401314617364,16,0,0.0
536,-35.438966044495416,10,0,0.0
537,13.090971233567776,44,0,0.0
538,20.208175771264596,23,0,0.0
539,-58.883958010713705,35,0,0.0
540,87.29087644582197,44,0,0.0
541,-43.12737951326379,13,0,0.0
542,-24.508982547463766,29,0,0.0
543,-1.9779135789290683,10,0,0.0
544,-7.051385332668128,16,0,0.0
545,-2.469443124047366,56,0,0.0
546,-32.72717537171185,13,0,0.0
547,-36.24458098857603,26,0,0.0
548,9.110452018663885,17,0,0.0
549,11.169058556982685,34,0,0.0
550,61.04669766126506,27,0,0.0
551,-47.1109152592216,14,0,0.0
552,36.87768780287176,27,0,0.0
553,-40.75962360282648,13,0,0.0
554,-27.790252898656693,36,0,0.0
555,-19.42927508855499,25,0,0.0
556,24.83550621725921,31,0,0.0
557,-36.162501740074106,10,0,0.0
558,-13.009555369193347,27,0,0.0
559,-38.258750049661124,10,0,0.0
560,-28.479211710249324,28,0,0.0
561,-57.21405704762253,27,0,0.0
562,-33.400933647263685,9,0,0.0
563,-26.322418053039407,19,0,0.0
564,-39.316781870768594,10,0,0.0
565,-18.82943707026336,32,0,0.0
566,-59.46469877040876,37,0,0.0
567,-36.36498271063838,7,0,0.0
568,-36.168325766409886,8,0,0.0
569,-35.142591798385396,8,0,0.0
570,-34.22792963295702,8,0,0.0
571,-46.00260257473563,13,0,0.0
572,-56.83504443487426,19,0,0.0
573,-18.94771318471058,18,0,0.0
574,-39.435364685852,9,0,0.0
575,-17.685179409359936,1,0,0.0
576,-0.460032709848635,19,0,0.0
577,-25.4695996034727,22,0,0.0
578,-45.06692841469099,21,0,0.0
579,56.55595736088439,40,0,0.0
580,-82.39220076483122,24,0,0.0
581,-47.425096234910086,12,0,0.0
582,-17.78775041592884,1,0,0.0
583,-17.622798552122457,1,0,0.0
584,-42.79815593537001,38,0,0.0
585,-25.854519117825213,15,0,0.0
586,-5.61172521713995,15,0,0.0
587,-58.20009882756251,16,0,0.0
588,-24.33238271133684,19,0,0.0
589,-44.0098809244965,25,0,0.0
590,-55.530425133162055,14,0,0.0
591,-51.00884036703668,17,0,0.0
592,8.103904674862395,26,0,0.0
593,-90.39790575499264,32,0,0.0
594,-32.15975544533272,36,0,0.0
595,43.14935856567922,25,0,0.0
596,-23.241136375911804,3,0,0.0
597,-79.47163658901803,24,0,0.0
598,-29.173155415958895,22,0,0.0
599,-17.77063559086209,1,0,0.0
600,-58.23383157270252,16,0,0.0
601,-37.50799502206404,50,0,0.0
602,-38.86156058403667,9,0,0.0
603,11.294480979056097,40,0,0.0
604,2.2203346340499834,28,0,0.0
605,-37.62166323996605,17,0,0.0
606,-16.74185909766441,30,0,0.0
607,20.777130991287326,47,0,0.0
608,106.45982027930877,47,0,0.0
609,-26.201334778167052,21,0,0.0
610,2.2100402565757626,21,0,0.0
611,20.09970396082602,16,0,0.0
612,-1.5940741743264635,35,0,0.0
613,-12.037413983212158,19,0,0.0
614,5.202442204075789,28,0,0.0
615,-7.226068512936651,20,0,0.0
616,16.3792935764739,11,0,0.0
617,20.111018416037325,33,0,0.0
618,35.02882185470337,28,0,0.0
619,17.196428237168227,42,0,0.0
620,57.40060333506587,34,0,0.0
621,-33.66476616402774,13,0,0.0
622,-5.239650521526715,24,0,0.0
623,49.714827311293064,33,0,0.0
624,-14.350486087324576,17,0,0.0
625,-33.46984083414401,14,0,0.0
626,-3.4607575478872263,18,0,0.0
627,-21.343080946705637,9,0,0.0
628,11.478521242023572,37,0,0.0
629,1.0549948171147498,25,0,0.0
630,-33.80202742897016,7,0,0.0
631,-0.25080156333983616,18,0,0.0
632,18.963334550084586,33,0,0.0
633,-15.959190813757026,34,0,0.0
634,-17.77045573004005,1,0,0.0
635,-52.935541962442045,14,0,0.0
636,-17.814321792189467,1,0,0.0
637,-51.49658897486767,13,0,0.0
638,75.56962872688234,31,0,0.0
639,4.7275412713846805,12,0,0.0
640,-36.409003041624565,7,0,0.0
641,121.19908826630721,38,0,0.0
642,-46.61019198961881,11,0,0.0
643,39.47531771523249,38,0,0.0
644,-33.741341288789116,8,0,0.0
645,-65.42987540124912,20,0,0.0
646,42.32637509400024,25,0,0.0
647,9.121824511200128,34,0,0.0
648,5.517503904510843,18,0,0.0
649,12.348847803707212,15,0,0.0
650,-72.05782800656098,21,0,0.0
651,-13.542474009447604,12,0,0.0
652,6.863800601913856,39,0,0.0
653,111.66462087760408,29,0,0.0
654,0.9607548033905058,14,0,0.0
655,91.57508307301792,55,0,0.0
656,70.19460208513763,35,0,0.0
657,-27.125834715236632,17,0,0.0
658,6.4499976388167966,45,0,0.0
659,-17.809549304023285,1,0,0.0
660,51.39413498876522,21,0,0.0
661,-63.34039237070216,18,0,0.0
662,22.058840071084,16,0,0.0
663,-40.23837691059596,8,0,0.0
664,90.18418543449842,42,0,0.0
665,54.22214351299061,26,0,0.0
666,56.82354580149845,33,0,0.0
667,113.05741429874013,69,0,0.0
668,66.77301991725095,27,0,0.0
669,50.25553386755813,36,0,0.0
670,-41.05839407799481,9,0,0.0
671,-17.84314177664762,1,0,0.0
672,-30.262846274332258,6,0,0.0
673,8.336870454921906,13,0,0.0
674,65.37806030446345,34,0,0.0
675,-49.60577510698273,15,0,0.0
676,-46.69106690002794,36,0,0.0
677,155.23174754813877,56,0,0.0
678,-135.00220829252322,43,0,0.0
679,-71.42836045589203,17,0,0.0
680,-30.759551475129577,8,0,0.0
681,-27.20770441054388,14,0,0.0
682,-16.95354724897926,31,0,0.0
683,-3.799993132976457,10,0,0.0
684,-43.73867089982082,9,0,0.0
685,-31.288261279628216,9,0,0.0
686,-48.79118260508133,12,0,0.0
687,24.462554966246977,21,0,0.0
688,-1.8134192004407659,24,0,0.0
689,-29.464718734940504,6,0,0.0
690,23.227432586384396,30,0,0.0
691,-42.10221290773873,9,0,0.0
692,47.76779605003573,48,0,0.0
693,-77.26270141595148,23,0,0.0
694,-12.828812005121327,24,0,0.0
695,-42.26241345430446,10,0,0.0
696,-28.061502662888206,5,0,0.0
697,-3.1178178477173653,30,0,0.0
698,8.324244644131028,23,0,0.0
699,-9.415823552510794,21,0,0.0
700,-17.81490459214857,1,0,0.0
701,-25.41686093410464,19,0,0.0
702,15.039311489120172,37,0,0.0
703,-17.831711116805515,1,0,0.0
704,-56.331868231606975,55,0,0.0
705,-50.40227098745901,12,0,0.0
706,-17.53562752342705,1,0,0.0
707,-55.67761574355943,18,0,0.0
708,-62.39380227909347,31,0,0.0
709,-22.07744816090544,19,0,0.0
710,-39.07765797876725,40,0,0.0
711,-60.59608740647514,17,0,0.0
712,33.031200152788145,24,0,0.0
713,-4.842289575242992,13,0,0.0
714,-23.812866756722837,15,0,0.0
715,-24.348564528731565,15,0,0.0
716,-39.30333429008182,8,0,0.0
717,-10.592811621214272,31,0,0.0
718,53.360239502778654,50,0,0.0
719,-16.351309365877682,18,0,0.0
720,-17.615386841449737,1,0,0.0
721,32.584044649616786,53,0,0.0
722,-45.69286626075954,12,0,0.0
723,-10.817009214561363,29,0,0.0
724,-7.798151530019627,20,0,0.0
725,-17.650361087220542,1,0,0.0
726,18.587876579699795,51,0,0.0
727,60.80144809048482,65,0,0.0
728,14.413344339690875,29,0,0.0
729,-17.818551171306037,1,0,0.0
730,-23.836216444489022,10,0,0.0
731,-20.115968087468374,2,0,0.0
732,10.242216789312572,41,0,0.0
733,2.965797630810979,31,0,0.0
734,-20.715634007763718,12,0,0.0
735,-17.629729416132747,26,0,0.0
736,5.530838533229481,11,0,0.0
737,51.37184166874535,31,0,0.0
738,-21.861931896415584,26,0,0.0
739,-29.514875208677996,17,0,0.0
740,-27.559500412122528,50,0,0.0
741,-17.817347947229013,1,0,0.0
742,-39.25511684318718,13,0,0.0
743,20.08169328749232,24,0,0.0
744,20.30049400834917,16,0,0.0
745,-29.38981623150892,7,0,0.0
746,15.260149571218196,26,0,0.0
747,-40.468999520500894,18,0,0.0
748,2.9698951326365126,34,0,0.0
749,-28.35115926785271,23,0,0.0
750,59.649930513004094,38,0,0.0
751,-31.847094892737832,12,0,0.0
752,-13.542930055130233,19,0,0.0
753,-29.89913707300815,16,0,0.0
754,-23.243113686283237,3,0,0.0
755,10.047729170776476,19,0,0.0
756,-30.210545560937316,31,0,0.0
757,-31.6064592326184,13,0,0.0
758,-13.997029525106226,36,0,0.0
759,-24.913371941228483,13,0,0.0
760,70.3699231483607,42,0,0.0
761,-68.60232217535909,23,0,0.0
762,-35.22806381727759,8,0,0.0
763,-25.277623080594736,19,0,0.0
764,-43.51421134295085,38,0,0.0
765,62.08126558711707,34,0,0.0
766,-10.239979015176228,19,0,0.0
767,-8.006878507880284,60,0,0.0
768,-47.47905366682171,13,0,0.0
769,-44.43922839778563,13,0,0.0
770,11.565091964071119,41,0,0.0
771,10.836039352738512,30,0,0.0
772,-30.8543710056907,7,0,0.0
773,-48.767164331058865,12,0,0.0
774,-36.88115358270289,27,0,0.0
775,-17.636030442458996,1,0,0.0
776,-36.95560610425085,10,0,0.0
777,-27.337614967449657,20,0,0.0
778,-23.25313928525136,16,0,0.0
779,27.222312879687365,23,0,0.0
780,-40.79623211454154,13,0,0.0
781,-68.41115019567985,22,0,0.0
782,2.4102312106147874,10,0,0.0
783,-47.974248044050086,12,0,0.0
784,28.666614837615892,18,0,0.0
785,14.017252686961601,14,0,0.0
786,99.27976598091293,31,0,0.0
787,-21.691066665501673,30,0,0.0
788,6.351653693156184,22,0,0.0
789,-0.7373518252015892,26,0,0.0
790,-23.93961266027916,19,0,0.0
791,-17.671206480614877,1,0,0.0
792,-39.91357900109092,12,0,0.0
793,-5.510744227990489,17,0,0.0
794,1.5621637223672167,17,0,0.0
795,-39.54409087067391,11,0,0.0
796,-3.6274738001539824,37,0,0.0
797,-67.78749704485287,17,0,0.0
798,48.25920418397366,21,0,0.0
799,9.481195160337645,12,0,0.0
800,-9.79586743703567,18,0,0.0
801,12.77080013487032,27,0,0.0
802,-13.33761883426355,28,0,0.0
803,-85.39769403624305,22,0,0.0
804,-30.811534869665476,7,0,0.0
805,-41.59494147256788,15,0,0.0
806,-17.615427983734556,1,0,0.0
807,-30.54056072139646,45,0,0.0
808,28.868051991423968,24,0,0.0
809,-34.249261500758976,9,0,0.0
810,-8.734683335996834,19,0,0.0
811,-17.61081984719808,1,0,0.0
812,-15.896114550666345,46,0,0.0
813,-28.64890655100507,16,0,0.0
814,-54.83534280566181,20,0,0.0
815,-8.623478878435206,15,0,0.0
816,-1.416656159987852,10,0,0.0
817,10.232383741629402,22,0,0.0
818,47.07516000538916,43,0,0.0
819,-22.82699228762122,3,0,0.0
820,-59.89414298842002,25,0,0.0
821,-31.71498248351029,6,0,0.0
822,91.18494036426597,34,0,0.0
823,17.664916654207456,46,0,0.0
824,-17.59637640530924,1,0,0.0
825,83.99924398497824,67,0,0.0
826,14.999696480629709,23,0,0.0
827,-28.085320359133583,5,0,0.0
828,21.210046656824645,17,0,0.0
829,-23.560003943641608,26,0,0.0
830,-17.593593955387025,1,0,0.0
831,95.9463864001688,30,0,0.0
832,-21.614197950355393,22,0,0.0
833,-6.877639057351246,24,0,0.0
834,-2.8229271713020836,20,0,0.0
835,-4.845629860015773,27,0,0.0
836,-17.645311370026967,1,0,0.0
837,-10.618368483872436,18,0,0.0
838,6.8021858368946795,36,0,0.0
839,-16.629089628440433,28,0,0.0
840,-17.80069803014952,1,0,0.0
841,2.8771202130370384,13,0,0.0
842,-16.012303200936135,16,0,0.0
843,-28.19447640946415,5,0,0.0
844,-31.490721486634193,6,0,0.0
845,-31.836757643696238,7,0,0.0
846,17.74958414010805,41,0,0.0
847,-90.94101741103574,41,0,0.0
848,-15.797088442862423,16,0,0.0
849,-36.631026964698734,7,0,0.0
850,-34.33981440737844,13,0,0.0
851,-28.12375076885334,10,0,0.0
852,70.53867140259666,37,0,0.0
853,-17.59594424410106,1,0,0.0
854,-17.795103974285723,1,0,0.0
855,28.423914132758597,23,0,0.0
856,-65.24580697242389,29,0,0.0
857,157.83647057218806,38,0,0.0
858,-1.0451954700068633,16,0,0.0
859,-24.055981620189403,33,0,0.0
860,11.081983369409112,27,0,0.0
861,-17.851140870672047,1,0,0.0
862,-4.128246091539662,28,0,0.0
863,-17.94491527856766,1,0,0.0
864,-37.67453919533567,24,0,0.0
865,16.267378915603445,29,0,0.0
866,28.03934169181142,39,0,0.0
867,-30.660298656527203,7,0,0.0
868,62.294701075924934,50,0,0.0
869,10.871205610357485,13,0,0.0
870,2.5901340551231122,27,0,0.0
871,-5.797994815756569,21,0,0.0
872,-42.26468064541379,27,0,0.0
873,-39.49660963035005,18,0,0.0
874,60.55893487079446,19,0,0.0
875,7.045539897838886,64,0,0.0
876,26.85547911974445,39,0,0.0
877,-0.41569532756860994,44,0,0.0
878,-28.943741541019726,8,0,0.0
879,-16.09695095423509,19,0,0.0
880,-37.83722830882134,31,0,0.0
881,-18.9309474972171,40,0,0.0
882,-17.626735403921742,1,0,0.0
883,42.154887205403796,34,0,0.0
884,-41.12847507346176,27,0,0.0
885,-30.06209873784953,7,0,0.0
886,-22.249827697090492,19,0,0.0
887,-12.354456692067643,18,0,0.0
888,-18.923826422864224,18,0,0.0
889,-17.63211831062192,1,0,0.0
890,59.44538889008231,47,0,0.0
891,24.316763775067464,17,0,0.0
892,-17.84009057629236,1,0,0.0
893,-76.28344480778553,26,0,0.0
894,-23.548095372165946,22,0,0.0
895,27.057235927761404,36,0,0.0
896,-28.50559769437082,5,0,0.0
897,-26.403437711547205,9,0,0.0
898,-9.795387800788806,12,0,0.0
899,1.1118139156242428,8,0,0.0
900,26.939073737948434,45,0,0.0
901,6.406797787013229,26,0,0.0
902,-17.82967078315926,1,0,0.0
903,-17.922932270454965,14,0,0.0
904,18.73165820495706,20,0,0.0
905,-50.49386471536783,54,0,0.0
906,-11.480444064971229,14,0,0.0
907,-2.0025724485832628,9,0,0.0
908,-29.299958739842854,6,0,0.0
909,-38.44894481731944,9,0,0.0
910,-27.083886290152176,6,0,0.0
911,26.1371458719023,20,0,0.0
912,-19.665140841742087,36,0,0.0
913,-39.50833753655822,11,0,0.0
914,-27.892870914072944,5,0,0.0
915,-34.82008139065606,16,0,0.0
916,-4.259923055543636,12,0,0.0
917,49.439703794060485,27,0,0.0
918,-31.20140348724975,7,0,0.0
919,5.659793795252735,18,0,0.0
920,-28.546275117960043,6,0,0.0
921,-13.210299901888796,30,0,0.0
922,-28.843151647056704,13,0,0.0
923,-17.623727948085833,1,0,0.0
924,20.997866003148637,25,0,0.0
925,-74.91706630418486,23,0,0.0
926,-9.447953382823451,21,0,0.0
927,-23.29117607485668,4,0,0.0
928,-4.78305322740487,12,0,0.0
929,-17.762594017757326,1,0,0.0
930,72.53359144555989,38,0,0.0
931,23.616372036819026,18,0,0.0
932,66.48200596396259,43,0,0.0
933,-17.821428543844917,1,0,0.0
934,-25.808348644304864,51,0,0.0
935,16.62048173326013,31,0,0.0
936,-43.104632305395995,36,0,0.0
937,-14.379916856910008,23,0,0.0
938,-41.38400201231431,10,0,0.0
939,-34.55906576673733,22,0,0.0
940,-17.587609901759564,1,0,0.0
941,-9.58423489405893,26,0,0.0
942,-38.98085364248553,12,0,0.0
943,-71.67390361624604,25,0,0.0
944,46.534092962469714,27,0,0.0
945,14.864565249697193,27,0,0.0
946,-20.75230750967269,17,0,0.0
947,-73.34105256747335,54,0,0.0
948,-70.61169198462497,21,0,0.0
949,-5.884319698144113,20,0,0.0
950,-27.012847930439037,16,0,0.0
951,-29.616432188070224,20,0,0.0
952,-5.009507880003801,28,0,0.0
953,84.67053730747432,36,0,0.0
954,-20.1973976414623,2,0,0.0
955,-25.564942977610773,10,0,0.0
956,-29.856875463592615,19,0,0.0
957,-1.2083925529462913,32,0,0.0
958,1.2419862199193936,22,0,0.0
959,45.83314307514807,33,0,0.0
960,80.93871978242339,62,0,0.0
961,7.622863321258123,58,0,0.0
962,-17.758554441971746,1,0,0.0
963,68.6942766355229,31,0,0.0
964,5.53268600866604,20,0,0.0
965,36.050508254550195,20,0,0.0
966,-21.281589238684937,44,0,0.0
967,-31.208887721882533,23,0,0.0
968,-39.81598522760423,24,0,0.0
969,-27.156147776411174,20,0,0.0
970,-14.953460382777926,37,0,0.0
971,4.295572306934178,17,0,0.0
972,7.084959793985073,11,0,0.0
973,-31.113002536207212,17,0,0.0
974,-5.385495562940365,26,0,0.0
975,20.506353286838753,21,0,0.0
976,-17.58864231496423,1,0,0.0
977,31.180510459573142,28,0,0.0
978,46.37974574083255,24,0,0.0
979,-21.082360628862013,22,0,0.0
980,-0.30703707816109294,9,0,0.0
981,-30.766952585715433,6,0,0.0
982,32.62785176703717,17,0,0.0
983,-32.389395726586486,31,0,0.0
984,-26.365449791786418,8,0,0.0
985,26.89936917996539,18,0,0.0
986,-28.014995015888275,5,0,0.0
987,62.352495882386066,22,0,0.0
988,-31.602975360064267,6,0,0.0
989,-20.316907862286616,2,0,0.0
990,12.540160311895816,11,0,0.0
991,28.62389020796196,35,0,0.0
992,43.35912193598294,23,0,0.0
993,10.288876207006984,19,0,0.0
994,-50.6326661024879,11,0,0.0
995,-35.5653149860755,9,0,0.0
996,29.990853614353828,65,0,0.0
997,-17.83536870078693,1,0,0.0
998,-27.706404321609583,15,0,0.0
999,-55.198392929911165,18,0,0.0
1000,-26.974856822169357,19,0,0.0
1001,-17.85311281783489,1,0,0.0
1002,10.823016367935443,34,0,0.0
1003,-4.6144690056653666,36,0,0.0
1004,-58.69635257422157,18,0,0.0
1005,230.76710162906483,48,0,0.0
1006,-26.666274091510495,7,0,0.0
1007,-7.74427324266197,18,0,0.0
1008,-10.024340908367929,50,0,0.0
1009,5.850525196591798,34,0,0.0
1010,37.90291552031005,23,0,0.0
1011,-56.29229370848071,17,0,0.0
1012,-39.96755618587855,15,0,0.0
1013,-59.41446174911067,29,0,0.0
1014,-0.7937745222515709,15,0,0.0
1015,-31.64636682702779,14,0,0.0
1016,8.24257595622378,23,0,0.0
1017,-16.36852210891195,42,0,0.0
1018,-36.473411916066645,15,0,0.0
1019,-28.145611983981606,11,0,0.0
1020,-30.045021384498312,12,0,0.0
1021,0.22585411876711703,11,0,0.0
1022,-18.768957694127927,37,0,0.0
1023,36.68386446080514,43,0,0.0
1024,-9.48850338697434,39,0,0.0
1025,-63.06694324074112,21,0,0.0
1026,-24.80128509547006,18,0,0.0
1027,13.996171354625716,21,0,0.0
1028,-57.009486103388895,25,0,0.0
1029,93.712523883641,77,0,0.0
1030,-48.20150104585886,13,0,0.0
1031,24.28256015463147,38,0,0.0
1032,0.9740026574417708,20,0,0.0
1033,2.4858396361210264,19,0,0.0
1034,-17.7899921811744,1,0,0.0
1035,62.86724313435356,77,0,0.0
1036,-49.46862624306476,18,0,0.0
1037,-32.40038685541576,12,0,0.0
1038,-52.15025042759428,14,0,0.0
1039,-21.968868906635485,23,0,0.0
1040,-56.31001786718748,20,0,0.0
1041,64.58838743536083,26,0,0.0
1042,-27.742515973953886,8,0,0.0
1043,23.341990774976438,18,0,0.0
1044,-25.632663453118088,10,0,0.0
1045,7.669673743168101,27,0,0.0
1046,-0.6816333342245251,21,0,0.0
1047,-29.526950622690293,20,0,0.0
1048,-64.28596156707643,20,0,0.0
1049,1.5408317032669956,13,0,0.0
1050,31.908025520616526,26,0,0.0
1051,-48.90141296669766,15,0,0.0
1052,14.143950929219749,38,0,0.0
1053,-28.862282923865738,19,0,0.0
1054,-40.667081947958565,15,0,0.0
1055,-34.380902904086405,8,0,0.0
1056,-60.49371288160617,26,0,0.0
1057,-36.325090508067206,12,0,0.0
1058,-8.015998636978445,22,0,0.0
1059,-46.36743742822337,15,0,0.0
1060,49.63878487554961,23,0,0.0
1061,-5.923028507068835,33,0,0.0
1062,-11.898179166257211,21,0,0.0
1063,-41.336633376745304,21,0,0.0
1064,-21.555104185336056,34,0,0.0
1065,-41.65996462414749,11,0,0.0
1066,-56.45717025695035,15,0,0.0
1067,-32.51924182543678,16,0,0.0
1068,-55.315175953837205,14,0,0.0
1069,-36.10939187957344,12,0,0.0
1070,12.184587369063845,24,0,0.0
1071,46.37540127667387,24,0,0.0
1072,-55.01604641557816,27,0,0.0
1073,-59.487971823160606,17,0,0.0
1074,-34.335516816436424,8,0,0.0
1075,11.838922614936777,33,0,0.0
1076,-17.6369063930899,1,0,0.0
1077,-58.64363737775346,17,0,0.0
1078,-42.72457566653864,11,0,0.0
1079,-55.336597999871714,15,0,0.0
1080,-10.344234329219656,31,0,0.0
1081,-41.33045097539443,9,0,0.0
1082,-24.09631210546129,11,0,0.0
1083,-38.29060718547758,9,0,0.0
1084,-17.64635071565221,1,0,0.0
1085,-40.65592914039367,11,0,0.0
1086,-4.551552020945367,15,0,0.0
1087,-85.93776564279727,30,0,0.0
1088,-17.611706126820163,1,0,0.0
1089,-69.0340469547216,21,0,0.0
1090,-35.83460366984478,8,0,0.0
1091,-36.222931806406805,13,0,0.0
1092,-55.803211981610076,25,0,0.0
1093,-17.805358959820396,1,0,0.0
1094,76.26459505924399,36,0,0.0
1095,-48.28522067201523,24,0,0.0
1096,-41.087389409932335,11,0,0.0
1097,-13.625954353654642,27,0,0.0
1098,-23.250357123730744,3,0,0.0
1099,-78.86582565763246,27,0,0.0
1100,-38.50696067773238,13,0,0.0
1101,37.534319869700994,66,0,0.0
1102,-58.57600082035698,16,0,0.0
1103,-23.29918439242575,3,0,0.0
1104,-99.18704721534482,24,0,0.0
1105,-79.33217151462179,28,0,0.0
1106,-31.77218468930662,26,0,0.0
1107,-67.10591026968343,17,0,0.0
1108,-33.33929124025767,51,0,0.0
1109,-50.83386875008301,29,0,0.0
1110,5.359940583962537,31,0,0.0
1111,12.879305622127756,19,0,0.0
1112,-42.34278221386145,12,0,0.0
1113,-17.684508641747968,1,0,0.0
1114,-10.0998407173791,12,0,0.0
1115,-23.666845401214395,12,0,0.0
1116,-35.25925102023341,12,0,0.0
1117,-31.724014089950984,10,0,0.0
1118,-17.786482216305775,1,0,0.0
1119,-46.46058703389165,12,0,0.0
1120,20.415088083580184,14,0,0.0
1121,3.1328794515936806,38,0,0.0
1122,30.958560323743274,35,0,0.0
1123,-17.798230867003795,1,0,0.0
1124,-46.45529292679309,13,0,0.0
1125,-23.37855585699525,22,0,0.0
1126,-20.455266308485285,32,0,0.0
1127,-22.870938301522788,3,0,0.0
1128,67.54127254260317,27,0,0.0
1129,-15.723076145745917,20,0,0.0
1130,-17.873919172234373,1,0,0.0
1131,-25.194201223463796,52,0,0.0
1132,13.936361532205249,15,0,0.0
1133,119.089500279189,28,0,0.0
1134,8.565126111421051,13,0,0.0
1135,-26.54071227016172,12,0,0.0
1136,-17.7972942677978,1,0,0.0
1137,-36.29629607097755,9,0,0.0
1138,32.930697861774185,13,0,0.0
1139,-30.375898976342132,6,0,0.0
1140,-28.861669970094418,23,0,0.0
1141,13.075299993590026,38,0,0.0
1142,-32.94637328352237,9,0,0.0
1143,-24.87260420230239,10,0,0.0
1144,0.6853144132729376,35,0,0.0
1145,-17.665029887499305,1,0,0.0
1146,-43.847176688590956,14,0,0.0
1147,-34.60841051291044,11,0,0.0
1148,45.66389037679388,20,0,0.0
1149,-7.140989547044455,7,0,0.0
1150,36.806382282484805,33,0,0.0
1151,0.47411546437909635,38,0,0.0
1152,-33.86194788528883,11,0,0.0
1153,-3.1316452241689774,8,0,0.0
1154,-37.34815041678081,9,0,0.0
1155,20.74138530776549,43,0,0.0
1156,-0.8688455080655544,28,0,0.0
1157,9.322559923923674,18,0,0.0
1158,0.37475900912907534,38,0,0.0
1159,-17.59376249554371,1,0,0.0
1160,-1.2694718901200037,19,0,0.0
1161,-49.729710516566556,20,0,0.0
1162,-8.86431378061346,16,0,0.0
1163,-39.778206738452724,9,0,0.0
1164,88.53649839942238,45,0,0.0
1165,-45.6124369033422,10,0,0.0
1166,10.041867665581899,40,0,0.0
1167,16.25336128882603,47,0,0.0
1168,-18.847341002749655,22,0,0.0
1169,-32.977266031648284,9,0,0.0
1170,79.34444797322722,22,0,0.0
1171,-22.814768938760697,3,0,0.0
1172,5.359177570819906,18,0,0.0
1173,64.6614291669856,46,0,0.0
1174,-66.58567316119994,19,0,0.0
1175,-38.59295273104923,8,0,0.0
1176,-7.68805077416239,15,0,0.0
1177,82.50326926904968,57,0,0.0
1178,-48.47949334564452,13,0,0.0
1179,18.269801855204793,23,0,0.0
1180,-29.830193470956445,6,0,0.0
1181,16.146643041041923,20,0,0.0
1182,2.7922577152410977,16,0,0.0
1183,-19.235028982812473,25,0,0.0
1184,9.293889190989612,18,0,0.0
1185,-7.426736525877898,19,0,0.0
1186,98.11258817045692,42,0,0.0
1187,-17.8093809079096,1,0,0.0
1188,32.577978051614046,27,0,0.0
1189,-62.67934414275326,20,0,0.0
1190,-45.15417183459569,12,0,0.0
1191,-5.824879232634393,19,0,0.0
1192,6.3294015048216,13,0,0.0
1193,-44.95376883175071,12,0,0.0
1194,-17.766338283658573,1,0,0.0
1195,-42.91709968923041,10,0,0.0
1196,-17.82697767183941,1,0,0.0
1197,25.470525099476482,14,0,0.0
1198,24.633069340492135,22,0,0.0
1199,12.302232405947114,15,0,0.0
1200,-4.6408155097303965,12,0,0.0
1201,22.78761162105051,27,0,0.0
1202,-48.66751779673352,21,0,0.0
1203,-49.162190629392526,16,0,0.0
1204,-49.029624457218915,14,0,0.0
1205,-31.34934254371405,7,0,0.0
1206,-27.894666012164386,6,0,0.0
1207,-14.160059940758424,23,0,0.0
1208,-17.789762388237985,1,0,0.0
1209,-90.727868243134,33,0,0.0
1210,-34.62296891004061,8,0,0.0
1211,28.653237481675518,33,0,0.0
1212,17.716710849027848,30,0,0.0
1213,-17.785748870529506,1,0,0.0
1214,-61.417075149508854,15,0,0.0
1215,34.488809124391885,16,0,0.0
1216,8.926820255409897,41,0,0.0
1217,-56.398473597319445,16,0,0.0
1218,25.889314636327963,20,0,0.0
1219,44.18624569145705,15,0,0.0
1220,-32.03543209685835,6,0,0.0
1221,-17.76062891074447,1,0,0.0
1222,-37.18622031482421,16,0,0.0
1223,-47.98456213926824,11,0,0.0
1224,-9.604471638101415,18,0,0.0
1225,-37.038875061891524,13,0,0.0
1226,-17.58745305038338,1,0,0.0
1227,41.00977169549787,24,0,0.0
1228,13.403837560989528,16,0,0.0
1229,-14.147146508693464,22,0,0.0
1230,-61.714231989377275,15,0,0.0
1231,-54.012037530576556,13,0,0.0
1232,3.243545623138546,17,0,0.0
1233,-6.571738241477504,8,0,0.0
1234,-9.182833775377436,11,0,0.0
1235,-52.1540728583105,15,0,0.0
1236,-48.36739732961169,17,0,0.0
1237,5.281246828448106,10,0,0.0
1238,57.618881804742344,39,0,0.0
1239,52.22801188522247,30,0,0.0
1240,13.437790659076185,17,0,0.0
1241,-92.00554641637257,24,0,0.0
1242,-41.181950399602584,20,0,0.0
1243,-17.89769854343099,1,0,0.0
1244,24.761923497103275,12,0,0.0
1245,-29.442277180170706,7,0,0.0
1246,-49.72635662079142,31,0,0.0
1247,16.265881543193263,20,0,0.0
1248,10.341796335428407,38,0,0.0
1249,2.2397333446509204,13,0,0.0
1250,-85.47727354033557,25,0,0.0
1251,-48.19552190436504,13,0,0.0
1252,23.55798909363469,34,0,0.0
1253,11.995580503209155,16,0,0.0
1254,-42.9036718743381,9,0,0.0
1255,7.880853500962171,16,0,0.0
1256,-37.79449876060268,10,0,0.0
1257,-17.646338827701733,1,0,0.0
1258,47.71159959167744,26,0,0.0
1259,-40.39818747934606,13,0,0.0
1260,-49.15344798009356,12,0,0.0
1261,-44.57948416620047,20,0,0.0
1262,-44.79914806196538,10,0,0.0
1263,-7.705557744437084,10,0,0.0
1264,10.971631576529743,13,0,0.0
1265,-38.46228044094721,8,0,0.0
1266,-175.3000108379622,47,0,0.0
1267,-13.936054866192668,29,0,0.0
1268,45.979143619659666,26,0,0.0
1269,-14.418800336513879,23,0,0.0
1270,35.95924577403795,34,0,0.0
1271,-3.7165184720596507,17,0,0.0
1272,-60.826879685411605,18,0,0.0
1273,35.58129881583576,20,0,0.0
1274,-50.03702823383951,14,0,0.0
1275,32.828342581671784,31,0,0.0
1276,-40.7436185120458,9,0,0.0
1277,-53.20494503267454,14,0,0.0
1278,-34.80851684760993,8,0,0.0
1279,-77.32308664476986,24,0,0.0
1280,-22.803265330127807,3,0,0.0
1281,-29.457673524608698,19,0,0.0
1282,-17.81120751180526,1,0,0.0
1283,-48.071405935906455,23,0,0.0
1284,-17.780283486606145,1,0,0.0
1285,0.22982561697475212,27,0,0.0
1286,8.085287239066458,12,0,0.0
1287,-48.558823817400835,10,0,0.0
1288,0.3963581241194589,28,0,0.0
1289,-40.00252297354311,10,0,0.0
1290,7.620997985790755,39,0,0.0
1291,5.1180122678587345,11,0,0.0
1292,-31.504908890016296,6,0,0.0
1293,72.29589143360636,27,0,0.0
1294,6.535174886677524,43,0,0.0
1295,-40.27053961315468,9,0,0.0
1296,-55.73816349955767,21,0,0.0
1297,-15.592977156560988,54,0,0.0
1298,-78.17454625193129,84,0,0.0
1299,-29.00161355701088,13,0,0.0
1300,-44.86818677531954,13,0,0.0
1301,-49.46079295341691,14,0,0.0
1302,-19.88358935353578,31,0,0.0
1303,-54.85115389437214,14,0,0.0
1304,-17.81619371734262,1,0,0.0
1305,-42.3019192887419,29,0,0.0
1306,-36.70124966037215,30,0,0.0
1307,-60.86288050522222,30,0,0.0
1308,-27.243056901816317,13,0,0.0
1309,-17.847547359622553,1,0,0.0
1310,-32.78626529981281,11,0,0.0
1311,-36.13782483375874,18,0,0.0
1312,-17.766089775076033,1,0,0.0
1313,-40.86048402138437,16,0,0.0
1314,-1.3664216436202885,29,0,0.0
1315,-19.792513153530486,25,0,0.0
1316,-99.25912197268315,28,0,0.0
1317,7.1547912190559835,29,0,0.0
1318,-9.783587083845557,11,0,0.0
1319,72.38902427914647,66,0,0.0
1320,-24.966471265854913,14,0,0.0
1321,-32.50922105520971,41,0,0.0
1322,-28.945016682642304,5,0,0.0
1323,-10.36403105984271,18,0,0.0
1324,-52.81635316586533,15,0,0.0
1325,-19.620544230012854,38,0,0.0
1326,-9.263449766440845,38,0,0.0
1327,-43.153341103573474,11,0,0.0
1328,-73.15996135776903,18,0,0.0
1329,28.61262439296621,18,0,0.0
1330,-65.90897878587185,22,0,0.0
1331,-43.48247528750582,13,0,0.0
1332,-23.231810161962084,3,0,0.0
1333,-8.032356695386856,14,0,0.0
1334,-38.29599318465925,17,0,0.0
1335,-29.723663267319033,10,0,0.0
1336,-0.29165048852465425,19,0,0.0
1337,13.784120701430638,20,0,0.0
1338,-3.893638309964196,39,0,0.0
1339,-40.311810466979736,24,0,0.0
1340,-30.725287939441696,7,0,0.0
1341,-40.11215027209603,10,0,0.0
1342,-17.614548376926724,1,0,0.0
1343,-52.07101349296137,15,0,0.0
1344,-28.93624341238109,14,0,0.0
1345,56.80099057355015,48,0,0.0
1346,-1.1390648263269547,19,0,0.0
1347,-30.671284955350522,6,0,0.0
1348,64.88800178667545,29,0,0.0
1349,-41.66327996646844,10,0,0.0
1350,-34.68399581535028,8,0,0.0
1351,10.937762620144774,10,0,0.0
1352,115.05465274387913,55,0,0.0
1353,72.89147287033217,42,0,0.0
1354,-61.19788176048125,14,0,0.0
1355,-11.659882087378604,28,0,0.0
1356,-22.236996325613312,19,0,0.0
1357,120.37257802214748,53,0,0.0
1358,-42.85745149609674,12,0,0.0
1359,-17.618966383783242,1,0,0.0
1360,-35.12460534692272,10,0,0.0
1361,-48.28047268682357,13,0,0.0
1362,30.44223357461306,28,0,0.0
1363,-39.04156624788152,18,0,0.0
1364,-41.691933203134354,12,0,0.0
1365,-16.55900834467757,17,0,0.0
1366,-6.514248425096845,34,0,0.0
1367,-2.9667983956258794,28,0,0.0
1368,-40.77768647544032,11,0,0.0
1369,-37.83725814269541,10,0,0.0
1370,-51.93037088089362,18,0,0.0
1371,-34.91359745226498,7,0,0.0
1372,53.49178173565841,28,0,0.0
1373,-1.8239445906076686,14,0,0.0
1374,-17.807458353418063,1,0,0.0
1375,-48.612143320235774,12,0,0.0
1376,-29.55539149080502,8,0,0.0
1377,-41.168068955162425,11,0,0.0
1378,-10.078929524690007,14,0,0.0
1379,-38.30350154101693,8,0,0.0
1380,-35.32946768886954,9,0,0.0
1381,-41.83776239398741,13,0,0.0
1382,-18.01749300841063,23,0,0.0
1383,-17.79684048105917,1,0,0.0
1384,-32.636025462811176,8,0,0.0
1385,-16.463982414879784,19,0,0.0
1386,-26.873559647752973,13,0,0.0
1387,-43.707114779171576,11,0,0.0
1388,-17.81885092470191,1,0,0.0
1389,35.16149547666831,49,0,0.0
1390,44.68337084741685,80,0,0.0
1391,24.283104969194437,38,0,0.0
1392,36.81846251272323,43,0,0.0
1393,-46.2308723870096,10,0,0.0
1394,7.2475792660019405,37,0,0.0
1395,-61.82323004842836,18,0,0.0
1396,-51.33863241858154,17,0,0.0
1397,-55.534675986761044,13,0,0.0
1398,-37.475578568629146,11,0,0.0
1399,-37.16994771887698,7,0,0.0
1400,-20.59226121963451,2,0,0.0
1401,-45.026510786474674,16,0,0.0
1402,-40.165417571809755,9,0,0.0
1403,-53.796431065373554,13,0,0.0
1404,-67.34573105493415,19,0,0.0
1405,-43.12257805064935,14,0,0.0
1406,-73.2243283960029,41,0,0.0
1407,45.324954718861896,32,0,0.0
1408,-44.01224311210374,9,0,0.0
1409,-1.4532767405407334,19,0,0.0
1410,-62.03437075526914,27,0,0.0
1411,-32.633793851545185,8,0,0.0
1412,-35.51971525406395,12,0,0.0
1413,18.11420443676357,20,0,0.0
1414,36.00233853143473,43,0,0.0
1415,-29.39286144717659,7,0,0.0
1416,16.315946072917377,22,0,0.0
1417,-17.83091499843912,1,0,0.0
1418,3.9765662028961284,12,0,0.0
1419,-25.096543860599226,21,0,0.0
1420,-50.27583957056707,17,0,0.0
1421,-17.58265638936613,1,0,0.0
1422,26.702036347400053,19,0,0.0
1423,-24.422997202767316,25,0,0.0
1424,-58.36744891135352,22,0,0.0
1425,29.02992842170938,20,0,0.0
1426,-59.090318889822036,16,0,0.0
1427,42.35705087875741,24,0,0.0
1428,-50.08485897127136,18,0,0.0
1429,-60.57934764677725,18,0,0.0
1430,-56.30070160243374,33,0,0.0
1431,-17.839527736176667,1,0,0.0
1432,-9.277844236199043,20,0,0.0
1433,-17.810474043130665,1,0,0.0
1434,20.33248107248795,20,0,0.0
1435,-1.7012544260549838,26,0,0.0
1436,-9.434319911522254,12,0,0.0
1437,18.706561700663418,28,0,0.0
1438,-62.903035791119606,28,0,0.0
1439,-30.229526690924047,12,0,0.0
1440,-46.90697821651253,14,0,0.0
1441,35.62487477755781,39,0,0.0
1442,-0.3492466844780395,18,0,0.0
1443,-42.84033944109101,16,0,0.0
1444,-56.02921523223817,16,0,0.0
1445,5.610187248743157,15,0,0.0
1446,-0.23484891705948385,31,0,0.0
1447,-17.577016404207093,1,0,0.0
1448,97.89097813881176,43,0,0.0
1449,-6.192975089023812,20,0,0.0
1450,-46.93012391734915,10,0,0.0
1451,-30.02590071339724,22,0,0.0
1452,-17.637926854558202,1,0,0.0
1453,-38.61357732612504,13,0,0.0
1454,-54.1766882002846,16,0,0.0
1455,-39.57415725873739,14,0,0.0
1456,-17.623769886785066,1,0,0.0
1457,-36.61812722960324,9,0,0.0
1458,-12.206255113629124,14,0,0.0
1459,91.40000252566196,41,0,0.0
1460,-30.68478414654939,8,0,0.0
1461,-2.831203694009454,15,0,0.0
1462,9.609246715615498,19,0,0.0
1463,-8.089903038489206,14,0,0.0
1464,41.04919589222415,24,0,0.0
1465,72.85550848913176,56,0,0.0
1466,31.49896365916179,18,0,0.0
1467,-17.608627271210025,1,0,0.0
1468,-3.512468257859803,7,0,0.0
1469,-3.0467923367205696,12,0,0.0
1470,-0.5273344134274307,16,0,0.0
1471,-2.3422475242586733,10,0,0.0
1472,-9.939952220597128,11,0,0.0
1473,-47.55743594624386,12,0,0.0
1474,-51.871827559764384,25,0,0.0
1475,14.723271384500421,13,0,0.0
1476,1.2769995657757107,11,0,0.0
1477,75.74848130853906,68,0,0.0
1478,11.907020974939329,20,0,0.0
1479,-35.44195731539401,10,0,0.0
1480,-17.645718596314925,1,0,0.0
1481,20.260271138075005,19,0,0.0
1482,8.58337044512089,19,0,0.0
1483,72.35171897743966,47,0,0.0
1484,-39.35406426310875,12,0,0.0
1485,44.988455100552024,26,0,0.0
1486,-19.123297779404393,12,0,0.0
